chain_id	6714
block_number	12288364
safe_version	"1.5.0"
name	address	code_bytes	runtime_keccak
Safe	0xe9c0dcAEAeD249730E4364F81DB565517F920e46	21451	0xa979574c8b13895cb9a44508a38c72182eb93f63db8c5d68694da482c82f8189
SafeL2	0x43fF9804a12c4edEaf3990964f7bAB672309fD6A	22231	0x924e2e1ed9aace3942f2fc39251c558b9fe9a07443c47ba7179904c8eec72456
SafeProxyFactory	0x34fAEC3BD5fD968f58E5bC4E945230c0fA7979C7	3321	0xdad086a678126040942e285a640b00ac6113c57938d92ddbad02ced6f27d39de
TokenCallbackHandler	0x00D39329F84aaa6aC48716bA0769531E4944eb3c	2467	0x39c24c81b7422ef5e76c6352f3bd7ae885d226886dbc5c73f593230537790f29
MultiSend	0x0aB6AEd0C8c5b1AAc245acfe450091aC80ad6D6e	640	0x6900384ff02d1704f2c14f3681cd337f1379e179ad1cbaa4b08cacc569d049bf
MultiSendCallOnly	0x74dc591CD6aEFFE853223F38530583365e377eea	421	0x909ac0ebd15ae51bb4e43c9a5a703673b7c9410da9838ac178cabcb05fdbac65
CompatibilityFallbackHandler	0xdd5b51bce0C7abC83e508396b182F7c092AB6697	6294	0x88b810b3d42e31e2cc707e8dfb653ea671b2b51c78861c0a92fd91abc9d97e9d
ExtensibleFallbackHandler	0x507Fd39838783cB7bf53e7a499ADC7b63f298671	11659	0x4707a570887f764ed872a4d172e333b2c103dccda37ba208f134f38cfea9e8b9
SignMessageLib	0x791889dF025AC8f2c0D96E6a102390370e2778DE	966	0xaa41abba2741ce55cdb2b7b26e92978930e311214e1ef5dac1b72acd33abecea
CreateCall	0xbEC915289d6FbeeDF8EB3b6f59C4AF4f805453fF	1099	0x87065fc21af9c8ca6185265c8bfdb3a1b67ec5d7bade0db5e5c04e0dad5a49fc
SafeToL2Setup	0x8AA24682dD2B9d5D8116137A17D5509ebbEa6641	820	0x970fb0e1676d4676787647a46d5e371ed2041a6eda6d0b812a044e4d94ee1095
SafeMigration	0x66D7CCFa5F218cb396358Fad882f2314b4FC2B9A	2051	0xf5c63a1238012a79907d1feadd0ffe02417306419c827f47a3995ac16ad0cf3a
SimulateTxAccessor	0xbD73aFD8fe9e45047599bf41Ce44E713e4Cf9EaF	850	0x3d43423049f49477bcfa41fd0369afc657795b4b67f6a40e63573b787e543dac
