name	transaction_hash	contract_address	block_number	status	manifest_address_match
Safe	0xc0f2a57fadfecd526b0f0fe786f22b138a43a50122c207d5e3dadade92a7879d	0xe9c0dcaeaed249730e4364f81db565517f920e46	0xbb7816	0x1	yes
SafeL2	0xc3eec75359e4f93255af0e1a41f313fd82dbee5a2408998cada34eaea05e5a6b	0x43ff9804a12c4edeaf3990964f7bab672309fd6a	0xbb7819	0x1	yes
SafeProxyFactory	0xebcd5f0b17d41479c1eecdc788964756bc201365ca04b131250281facccfbab0	0x34faec3bd5fd968f58e5bc4e945230c0fa7979c7	0xbb781b	0x1	yes
TokenCallbackHandler	0xb643f349f4e926104163faa598af995a303d7c9d5cc8f073daad7919f3e78fc2	0x00d39329f84aaa6ac48716ba0769531e4944eb3c	0xbb781d	0x1	yes
MultiSend	0x6ed3a0d28123952506fe07267ac425673770b170575e2ec4bbef6413ca56c9b9	0x0ab6aed0c8c5b1aac245acfe450091ac80ad6d6e	0xbb781f	0x1	yes
MultiSendCallOnly	0xd924fd0c37d4390e16b00413af29fcd88cd707088bd508ba94677b052d306ba2	0x74dc591cd6aeffe853223f38530583365e377eea	0xbb7821	0x1	yes
CompatibilityFallbackHandler	0x1fb6b52da7cb05649fe6ba03195ab6f33ad354d8083cc432a9fc29c6bb2f78d6	0xdd5b51bce0c7abc83e508396b182f7c092ab6697	0xbb7825	0x1	yes
ExtensibleFallbackHandler	0x38b261dfe52d6e2e6e263a7ce998311a9acc29f550932fc5bf2fe0d8c3245bd3	0x507fd39838783cb7bf53e7a499adc7b63f298671	0xbb7828	0x1	yes
SignMessageLib	0x9c9fa020f49ed6f4449ad016e3b4ceed8dc57902893c20dffa3889afd450cd21	0x791889df025ac8f2c0d96e6a102390370e2778de	0xbb782a	0x1	yes
CreateCall	0x23fb77010766ed2f5769b83ec5dd2a975025556008d3f10936aebccdc51d42d9	0xbec915289d6fbeedf8eb3b6f59c4af4f805453ff	0xbb782c	0x1	yes
SafeToL2Setup	0xa6e733cb9dbac53155cfe3c4066a172f0a61a2d454237ec67113f8d103ccf738	0x8aa24682dd2b9d5d8116137a17d5509ebbea6641	0xbb782d	0x1	yes
SafeMigration	0x82948df49edb60b45bc3934fd0236b3a67ac749cec1b34dfdcb9d5127b130925	0x66d7ccfa5f218cb396358fad882f2314b4fc2b9a	0xbb782f	0x1	yes
SimulateTxAccessor	0xedd1febe53a91273df5a0e9d4faba42dc54c493fd81045a97df5a12f68156836	0xbd73afd8fe9e45047599bf41ce44e713e4cf9eaf	0xbb7831	0x1	yes
